{"equiponderance":0.2422919148,"equiponderance_idx":8.0,"exclusivity":0.2626262626,"recognition":0.1051423324,"synchronicity":0.1677210336,"genericity":0.5233236152,"uniformity":0.2926562999,"uniformity_idx":48.0,"divergence":0.7568027211,"consensuality":0.2227891156,"resemblance":0.6406466991,"avs":66.0,"apps":99.0,"labels":328.0}